{"cameraMode":{"drawMode":0,"name":"Shaded","section":"Shading Mode"},"sceneLighting":false,"audioPlay":false,"sceneViewState":{"showFog":false,"showMaterialUpdate":false,"showSkybox":false,"showFlares":false,"showImageEffects":true,"showParticleSystems":true},"in2DMode":false,"pivot":{"x":6.424012660980225,"y":0.9181804656982422,"z":-1.3885211944580079},"rotation":{"x":-0.15027447044849397,"y":-0.6929277777671814,"z":0.15118011832237245,"w":-0.6887766718864441},"size":7.30364990234375,"orthographic":false}