{"cameraMode":{"drawMode":0,"name":"Shaded","section":"Shading Mode"},"sceneLighting":false,"audioPlay":false,"sceneViewState":{"showFog":false,"showMaterialUpdate":false,"showSkybox":false,"showFlares":false,"showImageEffects":true,"showParticleSystems":true},"in2DMode":false,"pivot":{"x":-8.325494766235352,"y":-0.8832859992980957,"z":7.837588310241699},"rotation":{"x":-0.12382235378026962,"y":0.18257662653923036,"z":-0.023184560239315034,"w":-0.9750878810882568},"size":12.351162910461426,"orthographic":false}