{"cameraMode":{"drawMode":0,"name":"Shaded","section":"Shading Mode"},"sceneLighting":true,"audioPlay":false,"sceneViewState":{"showFog":false,"showMaterialUpdate":false,"showSkybox":false,"showFlares":false,"showImageEffects":false,"showParticleSystems":false},"in2DMode":false,"pivot":{"x":313.0689392089844,"y":289.5345153808594,"z":-6.279541015625},"rotation":{"x":-0.06775771081447602,"y":0.0020924978889524938,"z":-0.00014208430366124958,"w":-0.9976996183395386},"size":177.69334411621095,"orthographic":false}