{"cameraMode":{"drawMode":0,"name":"Shaded","section":"Shading Mode"},"sceneLighting":true,"audioPlay":false,"sceneViewState":{"showFog":false,"showMaterialUpdate":false,"showSkybox":false,"showFlares":false,"showImageEffects":false,"showParticleSystems":false},"in2DMode":false,"pivot":{"x":-1.5630788803100587,"y":0.07310366630554199,"z":5.941165447235107},"rotation":{"x":-0.08813855051994324,"y":-0.11122943460941315,"z":0.00990425143390894,"w":-0.9898290634155273},"size":14.639741897583008,"orthographic":false}