{"cameraMode":{"drawMode":0,"name":"Shaded","section":"Shading Mode"},"sceneLighting":true,"audioPlay":false,"sceneViewState":{"showFog":false,"showMaterialUpdate":false,"showSkybox":false,"showFlares":false,"showImageEffects":false,"showParticleSystems":false},"in2DMode":false,"pivot":{"x":3.230060577392578,"y":-1.6455907821655274,"z":0.2602119445800781},"rotation":{"x":-0.17989343404769898,"y":0.36805301904678347,"z":-0.07281237095594406,"w":-0.909326434135437},"size":10.365612983703614,"orthographic":false}