{"cameraMode":{"drawMode":0,"name":"Shaded","section":"Shading Mode"},"sceneLighting":true,"audioPlay":false,"sceneViewState":{"showFog":false,"showMaterialUpdate":false,"showSkybox":false,"showFlares":false,"showImageEffects":false,"showParticleSystems":false},"in2DMode":false,"pivot":{"x":451.6891174316406,"y":302.62811279296877,"z":34.7352294921875},"rotation":{"x":-0.06775771081447602,"y":0.0020924978889524938,"z":-0.00014208430366124958,"w":-0.9976996183395386},"size":725.4505004882813,"orthographic":false}