{"cameraMode":{"drawMode":0,"name":"Shaded","section":"Shading Mode"},"sceneLighting":true,"audioPlay":false,"sceneViewState":{"showFog":false,"showMaterialUpdate":false,"showSkybox":false,"showFlares":false,"showImageEffects":false,"showParticleSystems":false},"in2DMode":false,"pivot":{"x":107.4017105102539,"y":293.5494689941406,"z":503.3035583496094},"rotation":{"x":-0.1730778068304062,"y":0.06259144097566605,"z":-0.011022127233445645,"w":-0.982855498790741},"size":732.2579956054688,"orthographic":false}